{
  "thanks": {
    "precision": 0.7777777777777778,
    "recall": 1.0,
    "f1-score": 0.8750000000000001,
    "support": 7,
    "confused_with": {}
  },
  "landscape_architecture": {
    "precision": 1.0,
    "recall": 0.9487179487179487,
    "f1-score": 0.9736842105263158,
    "support": 39,
    "confused_with": {
      "thanks": 2
    }
  },
  "accuracy": 0.9565217391304348,
  "macro avg": {
    "precision": 0.8888888888888888,
    "recall": 0.9743589743589743,
    "f1-score": 0.924342105263158,
    "support": 46
  },
  "weighted avg": {
    "precision": 0.966183574879227,
    "recall": 0.9565217391304348,
    "f1-score": 0.9586670480549199,
    "support": 46
  }
}